workerid,proliferate.condition,time_in_minutes,error
7,condition1,4.484366666666666,
9,condition1,8.36615,
3,condition1,11.6879,
5,condition1,10.107866666666666,
10,condition1,7.324516666666667,
11,condition1,5.867366666666666,
6,condition1,4.15505,
4,condition1,9.735966666666666,
